{"cameraMode":{"drawMode":0,"name":"Shaded","section":"Shading Mode"},"sceneLighting":false,"audioPlay":false,"sceneViewState":{"m_AlwaysRefresh":false,"showFog":true,"showSkybox":false,"showFlares":true,"showImageEffects":true,"showParticleSystems":true,"showVisualEffectGraphs":true,"m_FxEnabled":true},"in2DMode":false,"pivot":{"x":-0.0034460127353668215,"y":0.06920397281646729,"z":4.922370910644531},"rotation":{"x":0.37098464369773867,"y":-0.07366035878658295,"z":0.029659392312169076,"w":0.925334632396698},"size":0.8414254784584045,"orthographic":false}