{"cameraMode":{"drawMode":0,"name":"Shaded","section":"Shading Mode"},"sceneLighting":false,"audioPlay":false,"sceneViewState":{"m_AlwaysRefresh":false,"showFog":true,"showSkybox":false,"showFlares":true,"showImageEffects":true,"showParticleSystems":true,"showVisualEffectGraphs":true,"m_FxEnabled":true},"in2DMode":false,"pivot":{"x":-0.055589448660612109,"y":1.3334805965423585,"z":-1.0334230661392213},"rotation":{"x":0.3257675766944885,"y":-0.004249088000506163,"z":0.001493553165346384,"w":0.9454947710037231},"size":0.55901700258255,"orthographic":false}